"","X1","OBJECTID","DEM_MEAN","DEM_STD","slope_MEAN","slope_STD","aspect_MEAN","aspect_STD","LiveBio_MEAN","LiveBio_STD","DeadBio_MEAN","DeadBio_STD","AGENCY","UNIT_ID","FIRE_NAME","INC_NUM","ALARM_DATE","CONT_DATE","CAUSE","COMMENTS","REPORT_AC","GIS_ACRES","C_METHOD","OBJECTIVE","FIRE_NUM","Shape_Leng","Shape_Area","stn_1","stn_2","stn_3","month_temp","week_temp","dur_temp","month_precip","week_precip","month_humid","week_humid","dur_humid","month_sol","week_sol","wind_speed","dbr_means","fireduration","pred_dbr","step_dbr","lasso_dbr"
"1",0,20500,876.391862830951,103.605648289322,18.7416904779531,9.31058551490238,212.422307279248,79.2549997230549,128374.592305806,128627.860852678,2.80881744460492,71.4486551670109,"USF","SRF","DUTCHMAN","00000874","2017/08/07 00:00:00.000","2017/08/12 00:00:00.000",1,"Ruth Complex",1522,1522.74719238281,8,1,NA,14022.6820345979,6162339.4044074,"Ruth                        ","Alder Point                 ","Yolla Bolla                 ",72.1612903225806,76,70.3333333333333,0.07,0.07,49.4838709677419,41.375,63.3333333333333,640.645161290323,573.125,1.21666666666667,233.87688348833,432000,224.008995405952,247.159756822592,259.124292426943
"2",1,20487,1548.35135431947,25.6193714528685,4.79982554559647,5.27145372137334,211.379527693991,120.497654996441,2094.44385666297,6115.12165721104,0,0,"USF","TNF","CHILCOOT","00000992","2017/08/06 00:00:00.000","2017/08/07 00:00:00.000",1,NA,1021,1019.99224853516,1,1,NA,12534.0562699137,4127762.16938611,"Clover                      ","Dog Valley                  ","Doyle                       ",69.1612903225806,71.25,58.5,0.8,0.44,41.0645161290323,44,75.5,603.516129032258,480.25,0.65,349.685348806853,86400,212.222492289686,221.744294121779,259.124292426943
"3",2,20652,1207.92993891515,43.9832004737938,19.7936475117161,10.2140481296101,202.998837034179,82.7591092069915,9308.06543018779,31732.4951097683,0,0,"CDF","BDU","OAK","00017005","2017/11/29 00:00:00.000","2017/12/07 00:00:00.000",10,NA,325.513537392374,325.513549804688,2,1,NA,5874.13686999918,1317306.54937447,"Mill Creek (BDF)            ","Beaumont                    ","Wood Canyon                 ",61.4838709677419,67.25,57.2222222222222,0.12,0,43.4193548387097,25.375,23.3333333333333,260.129032258065,260.125,3.37777777777778,34.987423467547,691200,149.212728193483,168.479346969319,259.124292426943
"4",3,20333,57.3864963178517,45.1715813103654,10.6518995347685,8.04121572304158,185.270746449839,86.452404197668,939.288468683401,8247.42091529428,0,0,"CDF","LNU","37","00010393","2017/10/08 00:00:00.000","2017/10/17 00:00:00.000",14,"Marin Co. Fire Assist",1657,1657.36938476562,1,1,NA,22443.9075462926,6707135.86187938,"Novato Fire-Robinhood       ","Big Rock                    ","Woodacre                    ",67.7096774193548,66.375,65.7,0.05,0,53.5806451612903,39.375,35.5,463.322580645161,451.625,3.73,171.51055897874,777600,254.917817473573,271.352154113409,259.124292426943
"5",4,20516,1069.40646268386,228.334062793979,29.1923527495548,8.79379026603482,191.561405438412,143.650082546171,27107.1719387141,23964.8396320784,20.413748352751,405.091155119428,"USF","SQF","GARDEN","00001989","2017/07/30 00:00:00.000","2017/11/04 00:00:00.000",2,"CONT_DATE  based on FIRESTAT Fire Out Date/Time",1350,1282.46691894531,6,1,NA,14847.507580772,5189959.35225973,"Democrat                    ","Delonagha                   ","Breckenridge                ",84.3,84.625,71.7959183673469,0,0,28,28.375,37.3775510204082,668.2,640.5,3.2030612244898,209.993820980341,8380800,272.287125594989,293.420668368215,259.124292426943
"6",5,20283,563.759483861911,69.106009658504,16.3758533056148,9.34597049655523,195.073979837204,107.440209293995,106064.42734268,73689.9227749824,497.703073747513,2546.60299673722,"CDF","NEU","LOBO","00026275","2017/10/08 00:00:00.000","2017/10/26 00:00:00.000",14,"Part of  the NEU Wind Complex",821,820.644104003906,7,1,NA,13271.595914766,3321028.84296366,"Dorris Ranch                ","Reader Ranch                ","Secret Town                 ",67.5806451612903,63.875,62.8947368421053,0.07,0,41.258064516129,31.375,37.6315789473684,422.58064516129,419.375,3.58421052631579,242.461722519064,1555200,179.055280692243,198.01745754936,259.124292426943
"7",6,20300,243.116684920172,30.2316693956317,10.1692317245816,5.45446388232684,175.161731923867,87.5089653858105,11008.3874261264,12047.0290369008,0,0,"CDF","MMU","OAKWOOD","00011650","2017/06/10 00:00:00.000","2017/06/13 00:00:00.000",9,NA,NA,1428.53259277344,1,1,NA,22146.0931728109,5781066.15116515,"Hurley                      ","Batterson                   ","North Fork                  ",68.2258064516129,72.5,61.25,0.02,0,53.1612903225806,44.125,52.25,608.645161290323,650,2.575,247.308713005864,259200,304.874391842194,322.503012957107,259.124292426943
"8",7,20577,2116.32049701927,112.896878790358,19.8969569244119,10.2935918875727,146.206589832502,113.784127876758,35110.5221148788,23946.547513466,1.24266152285217,49.450602900211,"USF","BDF","HOLCOMB","00009443","2017/06/19 00:00:00.000","2017/07/09 00:00:00.000",9,"CONT_DATE  based on FIRESTAT Fire Out Date/Time",1503,1505.4912109375,1,1,NA,17820.7371866196,6092507.01115536,"Fawnskin                    ","Converse                    ","Big Pine Flat               ",57.8064516129032,60.5,67.45,0,0,32.7096774193548,29.5,27.35,711.129032258065,749,3.515,342.901985936264,1728000,155.133429535846,175.591870823933,259.124292426943
"9",8,20478,566.667172899204,72.6356576252276,24.8464124241698,10.9027258492531,197.166594553929,134.052303978936,21002.0318727487,15258.6804285569,1.33828432071283,30.9738863742064,"CDF","FKU","CREEK","00008759","2017/06/23 00:00:00.000","2017/06/27 00:00:00.000",5,NA,NA,356.935272216797,1,1,NA,6444.67204716233,1444465.82873868,"Santa Rita                  ","Marquez                     ","Hernandez                   ",64.8064516129032,78.25,76.6,0.08,0,46.1612903225806,36.5,30.6,733.161290322581,777.375,5.38,193.529440261462,345600,349.221285336508,341.764490585502,259.124292426943
"10",9,20304,122.147305101103,22.5622165554002,5.90073114707734,4.72141196248391,154.430523041143,110.917178321629,189.835457815914,2178.5737744804,0,0,"CDF","MMU","WRIGHT","00009464","2017/05/12 00:00:00.000","2017/05/13 00:00:00.000",14,NA,NA,1730.46643066406,1,1,NA,13851.3019298507,7002949.40165845,"Los Banos                   ","San Luis NWR                ","Panoche Road                ",65.1034482758621,63.375,60.5,0.26,0,55.8965517241379,58.625,48.5,543.620689655172,591.375,9.25,275.649143392621,86400,388.669740739749,373.987904266323,259.124292426943
"11",10,20515,1010.19520130033,187.593017779626,22.789515620602,8.94539169650505,141.609787578056,62.6431389001239,15026.8418532941,20725.3946048481,0,0,"USF","SQF","HIGHWAY","00001223","2017/06/18 00:00:00.000","2017/09/26 00:00:00.000",9,"CONT_DATE  based on FIRESTAT Fire Out Date/Time",1533,1522.25939941406,6,1,NA,15070.4915099121,6160365.03917378,"Delonagha                   ","Democrat                    ","Breckenridge                ",72.2333333333333,72.125,80.71,0.08,0,41.2666666666667,43.125,34.72,688.566666666667,695.125,3.281,239.255014770998,8640000,274.302480619672,294.849923086419,259.124292426943
"12",11,20542,2045.45948878826,83.4084564046404,20.4006466820457,6.77030234114112,102.323034374329,37.2224398850728,212866.49224102,122534.694213949,180.989638344692,486.569926712073,"USF","PNF","EUREKA","00001488","2017/09/05 00:00:00.000","2017/11/15 00:00:00.000",1,NA,450,446.181457519531,6,1,NA,8435.31938234259,1805632.26214694,"Mohawk                      ","Saddleback                  ","Beckwourth                  ",72.1612903225806,75.75,51.9722222222222,0.05,0.05,38.2258064516129,28.25,52.5833333333333,539.677419354839,509.125,1.81527777777778,-238.423746763965,6134400,117.305308861221,143.662181581518,259.124292426943
"13",12,20231,981.744285688812,41.3074440061415,19.8237785788197,10.7727918286756,166.480735560727,86.0386745820043,27681.2944614776,63190.4605174323,0,0,"CDF","RRU","MIAS","00100198","2017/08/14 00:00:00.000","2017/08/20 00:00:00.000",11,NA,600,521.085571289062,7,1,NA,11336.0638847552,2108758.38123267,"Wood Canyon                 ","Cabazo                      ","Beaumont                    ",83.6774193548387,83.875,76,0.35,0,41.3225806451613,33.375,47.1428571428571,613.838709677419,662.75,14.2857142857143,427.111151888758,518400,380.16041201938,341.161128617093,259.124292426943
"14",13,20205,1159.80957790834,237.547237845736,29.2800266536105,9.13691511932476,207.746617412653,65.2618031708255,128190.76071102,86740.7416188765,120.6081424931,914.579621927808,"CDF","SHU","BERRY","00009460","2017/09/12 00:00:00.000","2017/10/04 00:00:00.000",1,NA,995,994.07275390625,1,1,NA,12278.5225354718,4022869.72472878,"Oak Mountain                ","Soldier Mountain            ","Ash Creek                   ",80.3666666666667,77.625,63.7391304347826,0.11,0.11,33.0666666666667,44.625,37.9565217391304,448.466666666667,394.625,2.82608695652174,314.947695168533,1900800,343.327274233783,353.530435564175,259.124292426943
"15",14,20291,448.070345038845,75.2545488841803,21.5788250077491,8.82285091606594,216.203593467741,141.47874478379,754.239877654784,4911.3663463806,0,0,"CDF","MVU","JENNINGS 2","00016909","2017/07/11 00:00:00.000","2017/07/14 00:00:00.000",10,NA,400,332.586486816406,1,1,NA,7042.36824726479,1345929.78616625,"Alpine                      ","Descanso                    ","Miramar East                ",77.4838709677419,82.125,77,0,0,36.5161290322581,38.25,49.5,670.838709677419,570.875,5.35,394.051869001977,259200,398.099282713094,397.310713309381,259.124292426943
"16",15,20597,1278.24840402153,5.10626285635181,1.18551809886753,1.16607853631659,257.752157069621,74.3065922898557,0,0,0,0,"USF","MDF","DOBE","00000541","2017/07/13 00:00:00.000","2017/07/18 00:00:00.000",1,"<Null>",410,381.014831542969,1,1,NA,7327.57805895747,1541912.33405419,"Timber Mountain             ","Indian Well                 ","Doublehead                  ",72.0714285714286,74.875,72,0.05,0,35.7142857142857,29.875,30.3333333333333,673.892857142857,687.75,7.86666666666667,150.143615342771,432000,128.844918500051,137.515252502527,259.124292426943
"17",16,20493,2044.16571938578,63.8318959774476,13.5295703849089,6.97441078938958,225.998777697026,66.3328685702497,193587.712032937,112925.657873676,17080.7997610777,23725.8682793789,"USF","STF","BUMMERS","00002704","2017/09/11 00:00:00.000","2017/11/20 00:00:00.000",1,"CONT_DATE from FIRESTAT Fire info Summit complex",510,510.109375,1,1,NA,9337.76851373468,2064339.45988152,"Double Dome                 ","Pinecrest 2                 ","Cottage                     ",68.5,65.5714285714286,49.4714285714286,0.32,0.26,46.4666666666667,58.1428571428571,56.9285714285714,512.6,414.571428571429,3.35142857142857,-124.377737799701,6048000,139.974657186436,106.958873926571,259.124292426943
"18",17,20513,1417.2644984139,296.638209978356,25.1281660785778,8.640966299871,213.075573084419,71.3356612225338,13541.5189421123,27897.1555131923,46.9479107576636,564.200549189947,"USF","SQF","CALDWELL","00002435","2017/09/01 00:00:00.000","2017/10/23 00:00:00.000",1,"CONT_DATE  based on FIRESTAT Fire Out Date/Time",1383,1321.26000976562,6,1,NA,13351.1554408729,5346949.79711019,"Kernville                   ","River Kern                  ","Wofford Heights             ",82.8666666666667,87.75,68.6792452830189,0,0,30.1666666666667,23.875,32.3018867924528,541.233333333333,494.625,10.3981132075472,172.887783387151,4492800,274.283625678176,257.224086718319,259.124292426943
"19",18,20348,590.533715124663,117.499537006232,22.011693989812,9.24457871669093,161.676940377901,77.8541425130767,11991.3236935362,29028.8370189637,1.17964456236959,47.8796938227221,"CCO","LAC","LAKE","00178275","2017/06/17 00:00:00.000","2017/06/17 00:00:00.000",14,NA,NA,733.261596679688,7,1,NA,14583.0454967044,2967404.3857667,"Warm Springs                ","Temescal                    ","Whitaker Peak               ",67.9677419354839,67.25,79,0.07,0,44.9354838709677,45.5,35,667.161290322581,617.75,9.2,388.395412952616,43200,399.893319518806,379.726068409934,259.124292426943
"20",19,20578,704.497810019002,78.6234267329466,13.1818574761999,9.02139291280114,227.316001258092,65.6432871352288,10416.2351259282,38201.9178042828,0,0,"USF","BDF","BRIDGE 2","00010839","2017/07/14 00:00:00.000","2017/07/14 00:00:00.000",9,"CONT_DATE  based on FIRESTAT Fire Out Date/Time",460,460.289581298828,1,1,NA,7746.876267575,1862725.89758861,"Mill Creek (BDF)            ","Heaps Peak                  ","Converse                    ",79.9354838709677,81.875,79,0,0,32.5161290322581,38.375,41,664.677419354839,600.25,3.7,342.20366051841,43200,334.558917187157,350.794696725086,259.124292426943
"21",20,20643,343.431118451533,72.7034550342244,18.4894772815115,9.04515953861965,200.289703223837,89.1506729902012,4779.16934716332,13456.0637738738,0,0,"CDF","BEU","PARKFIELD","00003551","2017/07/08 00:00:00.000","2017/07/08 00:00:00.000",11,NA,1816,1821.77233886719,2,1,NA,12015.573017991,7372451.10313619,"Bradley                     ","Parkfield                   ","Las Tablas                  ",71.9354838709677,74.375,83,0,0,53.8064516129032,50.125,32,688.322580645161,684,8.2,307.281395025019,43200,383.877123928726,370.327821969667,259.124292426943
"22",21,20656,125.354929612921,19.7889528901518,5.46508838017607,3.4118310133509,195.534441483422,84.0870416735343,5735.38769651074,18522.7171122068,0,0,"CDF","AEU","LATROBE","00021652","2017/07/26 00:00:00.000","2017/07/26 00:00:00.000",5,NA,1268,1268.10986328125,1,1,NA,14516.7423125432,5131858.61740975,"Ben Bolt                    ","CFA Raws                    ","Camanche                    ",80.0645161290323,79.375,79,0,0,38.2903225806452,39,40,668.064516129032,651.875,3.5,393.839497693629,43200,345.354388747783,362.530555920712,259.124292426943
"23",22,20523,2342.55282489006,177.818814003439,20.3278260305008,6.4668297599204,167.152959188753,37.4147342622137,207701.809694211,155497.950811633,13210.9812832917,19708.4521715299,"USF","SNF","BUTTE","00001476","2017/08/07 00:00:00.000","2017/11/04 00:00:00.000",1,"CONT_DATE  based on FIRESTAT Fire Out Date/Time",611,611.201477050781,3,1,NA,7319.22106489001,2473444.65187989,"Devils Post Pile            ","Mount Tom                   ","Minarets                    ",62.4,62,52.876404494382,0.47,0.47,48.2,51,42.1011235955056,583.7,542.875,6.74831460674157,143.261265648261,7689600,139.698722599294,77.5290164530997,259.124292426943
"24",23,20557,1558.48662682915,192.895773891847,28.7587725937017,9.22430957574504,183.640473840853,125.115769854456,224976.901615034,150634.590766705,347.486811622186,2103.15856985444,"USF","KNF","ISLAND","00004540","2017/06/26 00:00:00.000","2017/09/01 00:00:00.000",1,"CONT_DATE  based on FIRESTAT Fire Out Date/Time",13497,1594.03381347656,3,1,NA,20726.8378234245,6450825.82974282,"Sawyers Bar                 ","Blue Ridge (KNF)            ","Quartz Hill                 ",67.4642857142857,79.8571428571429,75.9827586206897,1.21,0,52.8214285714286,39.8571428571429,40.1724137931034,617.642857142857,686.142857142857,4.87586206896552,41.3141652354767,5788800,146.901445059296,160.881543875271,259.124292426943
"25",24,20303,577.500143816326,65.2342800673165,10.8511500098039,6.58241720932703,158.6539886851,83.1427150555551,54856.4139733135,59064.1448794985,0,0,"CDF","MMU","BEN","00013022","2017/06/28 00:00:00.000","2017/07/06 00:00:00.000",10,NA,NA,558.142517089844,1,1,NA,12357.6936276148,2258722.62064337,"Mariposa                    ","Metcalf Gap                 ","Catheys Valley              ",74.0322580645161,82.375,79.3333333333333,0.48,0,46.7096774193548,39.625,39.2222222222222,638.766666666667,685.375,4.38888888888889,251.798583570199,691200,329.19119600639,338.181084484795,259.124292426943
"26",25,20491,2108.29619458402,91.5062179749254,14.2484018431747,7.12571232484059,208.828579294195,96.012367870849,192069.346187417,136343.221789617,28804.0197003838,37178.0589362675,"USF","STF","CREEK","00002590","2017/09/03 00:00:00.000","2017/09/12 00:00:00.000",1,"CONT_DATE  based on FIRESTAT Fire Out Date/Time",1609,1747.86950683594,1,1,NA,26407.1150999127,7073376.85615843,"Pinecrest 2                 ","Bald Mountain PAL           ","Double Dome                 ",68.8709677419355,74,66.4444444444444,0.06,0.03,44.258064516129,31.125,56.4444444444444,549.645161290323,510.5,3.37777777777778,30.7991480642489,777600,125.162058140366,68.3949867798848,259.124292426943
"27",26,20184,1072.22608566599,86.5241607298436,18.9265175765167,7.87177997075809,160.602057053649,94.7239214411668,23935.8328988646,41743.7087628474,0,0,"CDF","SKU","FAY","00004779","2017/07/05 00:00:00.000","2017/07/05 00:00:00.000",9,"Dumping hot ash",469,469.355926513672,1,1,NA,8543.43332197655,1899416.08717804,"Callahan 2                  ","Callahan                    ","Sawyers Bar                 ",69,75.25,76,0.62,0,43.8064516129032,33.375,25,660.064516129032,726.875,9.7,272.011368508823,43200,312.577813713258,295.424448638343,259.124292426943
"28",27,20617,1270.72140743108,21.7383532842847,5.16908323090108,7.08409564399732,226.692601060607,64.8961556072837,90.8417887787126,1369.67737757959,0,0,"USF","MDF","BATTLE","00000415","2017/06/28 00:00:00.000","2017/07/01 00:00:00.000",2,NA,640,653.507934570312,8,1,NA,14766.1997293286,2644652.81849682,"Klamath Basin NWR           ","Indian Well                 ","Timber Mountain             ",63.5,71.625,69.75,1.21,0,47.448275862069,31.4285714285714,34,611.448275862069,741.428571428571,6.475,117.608358819993,259200,110.774079822587,128.253836382758,259.124292426943
"29",28,20581,756.576726764416,195.469621310126,26.5010035056119,11.1079416702263,208.630271148428,66.7712570336572,8769.5872516276,41803.740728161,0,0,"USF","BDF","MART","00009802","2017/06/27 00:00:00.000","2017/07/08 00:00:00.000",7,"CONT_DATE  based on FIRESTAT Fire Out Date/Time",670,669.208679199219,8,1,NA,12062.9088843654,2708191.50765611,"Heaps Peak                  ","Mill Creek (BDF)            ","Rock Camp                   ",65.9,74.5,71,0.02,0,34.1333333333333,20.875,26,729.766666666667,761,11.0416666666667,273.976341148897,950400,299.015629625536,266.648222117072,259.124292426943
"30",29,20499,1495.73868669203,242.853150154879,29.4614512012487,8.6175521368099,162.092070869145,67.2486212032097,190928.634245861,190121.756691204,2113.88058910751,7084.37970277164,"USF","SRF","BURNEY","00000752","2017/07/26 00:00:00.000","2017/10/16 00:00:00.000",1,NA,1642,1643.64331054688,8,1,NA,18092.6069157887,6651588.33182373,"Dutch-Indy                  ","Somes Bar                   ","Happy Camp Micro            ",74.9310344827586,74.875,67.4578313253012,0.01,0.01,44.448275862069,49.125,49.2650602409639,705.758620689655,643.5,4.63253012048193,303.390164360822,7084800,249.395482039215,255.587868077249,259.124292426943
"31",30,20381,288.176228091274,62.0212830428576,21.6742729221363,9.05435915209958,123.171743646988,73.2565700118379,1965.96136937593,6386.64984398482,0,0,"CCO","KRN","MING","01718713","2017/05/20 00:00:00.000","2017/05/20 00:00:00.000",14,"CA-KRN-018713",NA,449.778076171875,1,1,NA,8997.46647663736,1820187.33421312,"Democrat                    ","Breckenridge                ","Delonagha                   ",61.7586206896552,60.4285714285714,72,0.04,0.01,50.6333333333333,46.5,32,539.166666666667,575.625,3.3,378.516543521719,43200,385.135435473728,391.635346145449,259.124292426943
"32",31,20273,666.244979250242,35.4715178008599,11.1313858629539,6.06456548191925,172.285489571881,81.0879351077639,128953.541854997,85040.8822769331,1185.9735926859,4983.32067979558,"CDF","NEU","PLEASANT","00022877","2017/08/30 00:00:00.000","2017/09/06 00:00:00.000",14,NA,392,392.485229492188,1,1,NA,6529.48483413477,1588331.33669788,"Reader Ranch                ","Dorris Ranch                ","Pike County Lookout         ",80.8064516129032,83.625,83.75,0.02,0,41.0967741935484,29.75,34.25,557.290322580645,549.625,3.35,652.20760560075,604800,252.769095679199,267.310717006889,259.124292426943
"33",32,20504,427.024912618786,83.1162670473792,21.7150971061584,9.14965878849885,249.234118946407,70.0000988630406,301551.39231946,160008.347704972,0,0,"USF","SRF","MARBLE","00000703","2017/07/19 00:00:00.000","2017/07/29 00:00:00.000",9,NA,319,318.872985839844,8,1,NA,5795.91999259606,1290433.16977886,"Somes Bar                   ","Dutch-Indy                  ","Slate Creek                 ",76.258064516129,74.5,76.4545454545455,0,0,50.1290322580645,50.25,55,681.032258064516,685.375,2.95454545454545,187.877795207996,864000,215.560013772361,236.176775511603,259.124292426943
"34",33,20654,1022.62467432229,102.395431840439,18.8050195386701,9.47154662659446,211.973730850309,47.8889181847459,9694.04960451151,49852.720656934,0,0,"CDF","BDU","BRYANT 2","00010918","2017/08/03 00:00:00.000","2017/08/11 00:00:00.000",7,NA,NA,336.623809814453,2,1,NA,7431.06270939003,1362268.23289991,"Mill Creek (BDF)            ","Converse                    ","Beaumont                    ",79.4516129032258,79.25,78.5555555555556,0.04,0.03,44.4838709677419,49.75,45.8888888888889,577.483870967742,529.875,4.06666666666667,382.58914019884,691200,345.527524814014,359.177837203797,259.124292426943
"35",34,20492,2338.41197329325,251.664187382527,17.0772526137768,12.9309179888414,189.586901903539,140.329955821473,168357.696113253,153806.186185035,0,0,"USF","STF","DOUGLAS","00001940","2017/07/03 00:00:00.000","2017/11/16 00:00:00.000",1,"CONT_DATE from FIRESTAT Fire info Summit complex",311,310.771179199219,1,1,NA,6882.1855571195,1257646.2863106,"Double Dome                 ","Pinecrest 2                 ","Canon BAER                  ",67.6666666666667,67.6666666666667,59.9253731343284,0,0,49.6666666666667,49.6666666666667,50.0223880597015,719,719,3.42761194029851,-390.563673490119,11750400,-18.3324599526555,21.5573900857215,259.124292426943
"36",35,20477,409.506568096661,78.1793436978781,18.9612322850421,10.1098430282217,151.677139539288,109.274873799166,6641.40924070526,14126.5375929951,0,0,"CDF","FKU","DERRICK","00009289","2017/07/02 00:00:00.000","2017/07/05 00:00:00.000",14,NA,NA,1561.6630859375,1,1,NA,12680.6701234815,6319826.52801127,"Santa Rita                  ","Marquez                     ","Parkfield                   ",68.9032258064516,73.25,74,0,0,38.4838709677419,26.125,30.5,756.258064516129,807.875,7.125,337.41761978485,259200,342.450151566496,330.35747243037,259.124292426943
"37",36,20215,143.855162084472,30.1823310291972,6.02040475997638,5.86258616528161,185.429492415886,67.0198203806219,13499.862283888,49617.1110386773,0,0,"CCO","SBC","RUCKER","00012621","2017/09/29 00:00:00.000","2017/10/04 00:00:00.000",10,NA,444,429.704162597656,1,1,NA,12415.7485244427,1738951.00154101,"Vandenberg                  ","Tepusquet                   ","Refugio                     ",66.9354838709677,66.625,59.6666666666667,0.25,0,67.741935483871,45.875,69,505.870967741935,539.375,7.93333333333333,450.355718319948,432000,222.423210176305,221.739846102223,259.124292426943
"38",37,20460,120.113803715518,7.09784815569692,2.56627405145842,4.00681689118514,210.983262717464,84.5414241295045,6.67577718098958,310.190257897806,0,0,"CDF","MMU","EASTMAM","00019222","2017/09/18 00:00:00.000","2017/09/18 00:00:00.000",11,NA,483,482.3408203125,1,1,NA,8306.51436528417,1951964.0729077,"Catheys Valley              ","Metcalf Gap                 ","Mariposa                    ",82.0645161290323,74.25,71,0,0,39.5806451612903,47.75,42,519.41935483871,489.125,8.5,401.732388506248,43200,365.323324992057,362.6752274177,259.124292426943
"39",38,20461,281.932653773968,45.4637993560399,28.8727656581406,10.6538087431992,207.398136314548,83.1455087149661,13404.7454685243,36142.711565998,0,0,"LRA","LDF","SKIRBALL","00030179","2017/12/06 00:00:00.000","2017/12/07 00:00:00.000",4,"FIMT most info from LAFD website, homelss cook fire",422,371.3076171875,8,1,NA,7285.37593417433,1502628.65437821,"Beverly Hills               ","Topanga                     ","Malibu Hills                ",65.741935483871,62.625,67,0,0,43.741935483871,33.875,8,272.870967741935,268.125,10.6,284.571725290251,86400,331.670655163423,304.720651218241,259.124292426943
"40",39,20573,792.299824251592,58.731671289179,13.5169873778687,7.42013880850167,154.745275132166,75.2709861492863,1716.51095698098,16693.9402981934,0,0,"USF","CNF","WILDOMAR","00003839","2017/10/26 00:00:00.000","2017/11/08 00:00:00.000",10,"CALFIRE inc#132200 ohv crash",866,866.273010253906,1,1,NA,11147.1465123551,3505682.55254251,"El Cariso                   ","Santa Rosa Plateau          ","Case Springs                ",71.5333333333333,72.1428571428571,60.8461538461538,0.04,0.03,34.1333333333333,36.5714285714286,67.1538461538462,449.533333333333,367.857142857143,5.36153846153846,371.612431025269,1123200,342.176165824403,344.283302647719,259.124292426943
"41",40,20301,1223.14631270651,163.262771835147,19.190032855323,8.02227425065454,210.835279774835,68.3493585884129,75805.3457975809,66058.4986328866,29820.3080676623,72894.170629279,"CDF","MMU","MISSION","00018115","2017/09/03 00:00:00.000","2017/09/13 00:00:00.000",11,NA,NA,988.467468261719,1,1,NA,18687.0244235923,4000185.8776822,"North Fork                  ","Batterson                   ","Minarets                    ",80.4838709677419,86,76.9090909090909,0,0,40.0967741935484,31.5,49.5454545454545,592.645161290323,550.5,2.27272727272727,433.308567478458,864000,324.424019584535,262.93558695231,259.124292426943
"42",41,20534,1499.06460981726,61.1615629309265,9.27646255492388,6.09664441041826,147.674720530365,59.9685473145524,398.056522562207,2328.06345121551,0,0,"USF","PNF","POSLIN","00001145","2017/08/06 00:00:00.000","2017/08/12 00:00:00.000",1,NA,860,855.244384765625,6,1,NA,13192.850989087,3461051.3143583,"Doyle                       ","Clover                      ","Dog Valley                  ",77.6774193548387,80.25,71.5714285714286,0.74,0.01,30.1290322580645,32.75,48.4285714285714,660.677419354839,563.25,5.51428571428571,230.769566142994,518400,304.162568744945,317.392921120286,259.124292426943
"43",42,20332,159.877243575651,55.0319046448837,11.1794808251514,6.83530099183625,217.406223845917,89.5407227081432,16592.9217106654,40490.0233146211,0,0,"CDF","LNU","PRESSLEY","00010049","2017/10/08 00:00:00.000","2017/10/31 00:00:00.000",14,"Nuns,Partrick, Adobe, Norrbom and Pressley>Nuns",791.88,791.888122558594,7,1,NA,17518.5980961534,3204657.58476404,"Santa Rosa                  ","Novato Fire-Robinhood       ","Atlas Peak                  ",67.0967741935484,66.875,63.0833333333333,0.06,0,51.8387096774194,33.125,54.375,394.193548387097,418.25,3.99166666666667,-120.035202689091,1987200,170.605761254632,189.719401407026,259.124292426943
"44",43,20637,432.812135387059,68.2878310126109,26.7826500371391,8.03462106584672,194.166831123395,76.4185182202509,252038.692188893,188974.132176185,0,0,"CDF","CZU","BEAR","00007822","2017/10/16 00:00:00.000","2017/10/25 00:00:00.000",7,NA,391,317.200988769531,7,1,NA,6672.60932932537,1283666.89572897,"Ben Lomond                  ","Los Gatos                   ","Chalks                      ",63,63.375,65.5,0,0,37.9032258064516,24,40.9,459.033333333333,432,2.95,177.983432684914,777600,164.14607834834,177.357617199035,259.124292426943
"45",44,20123,246.551796977227,67.5412472802133,16.8559071633322,6.89706842933794,193.15028710815,64.9401848958304,1792.91351081585,6933.22391998821,0,0,"CDF","TUU","ELEPHANT 2","00000420","2017/07/20 00:00:00.000","2017/07/22 00:00:00.000",7,NA,416,415.211639404297,1,1,NA,7602.80797643542,1680301.92898506,"Milo                        ","Case Mountain               ","Oak Opening                 ",87.1290322580645,86.5,82.3333333333333,0,0,30.2903225806452,28.5,31.6666666666667,650.870967741935,637.5,3.13333333333333,299.053686609373,172800,389.229714166834,404.070495024326,259.124292426943
"46",45,20278,145.066189959639,16.5576503388304,5.2152098482329,3.10877147542208,168.944930355644,103.985207148529,736.224710562805,4303.50010717687,0,0,"CDF","NEU","BEALE","00021927","2017/08/20 00:00:00.000","2017/08/22 00:00:00.000",11,NA,867,867.019592285156,1,1,NA,9278.66385366626,3508703.80334344,"Dorris Ranch                ","Reader Ranch                ","Bangor                      ",80.3870967741936,76.75,78.3333333333333,0.02,0,41.7741935483871,50.625,50.3333333333333,593.129032258065,564.625,2.7,485.93145221175,172800,405.117809404886,426.192180866314,259.124292426943
"47",46,20293,306.99254019601,48.6946541410443,14.0107604749137,7.91802959481303,182.593603058337,120.059401328768,761.346025051217,6104.05539599949,0,0,"CDF","MVU","GATE","00012098","2017/05/20 00:00:00.000","2017/05/23 00:00:00.000",9,"SHOOTING, BLM INC # 7605",1500,1912.90563964844,1,1,NA,13438.6819855278,7741254.28458271,"Otay Mountain               ","Barrett                     ","San Miguel                  ",58.4838709677419,54.25,74,2.57,0.07,61.1612903225806,71.25,24.25,548.161290322581,552.625,8.65,410.056389192606,259200,378.131903303729,377.019514421718,259.124292426943
"48",47,20620,2602.17162292122,117.196929938089,21.2302350316825,7.70569005241991,140.702145147432,36.1388838755039,29136.1954205091,40740.3708982274,5.33990836735504,167.527489746503,"USF","INF","GRANT","00001235","2017/07/31 00:00:00.000","2017/08/03 00:00:00.000",1,"Lightning caused fire, patrolled last on 10/24 as*",400,394.816802978516,8,1,NA,8113.17160516915,1597766.94646842,"Crestview                   ","Gaylor Meadow               ","Devils Post Pile            ",64.5666666666667,63.875,64,0.06,0.02,43.5666666666667,49,55.25,595.6,593.875,1.2,250.163654058351,259200,212.868716881216,248.18504383433,259.124292426943
"49",48,20712,100.312017527834,55.5910028813827,13.2857414135401,8.60152522066493,122.599929991484,68.6141722039753,7556.00236625045,16942.527580687,0,0,"DOD","MCP","CRISTIANITOS","01702047","2017/06/28 00:00:00.000","2017/06/30 00:00:00.000",9,"started by RC bicycle",NA,702.306640625,5,1,NA,14502.8478370907,2842134.26006021,"Mateo Ridge                 ","Talega Ridge                ","Talega                      ",64.4193548387097,68.125,63.5,0.03,0,80.0645161290323,75.75,81.5,541.354838709677,628.875,7.4,415.411258138766,172800,458.188480424046,444.143053245093,259.124292426943
"50",49,20709,1636.47862876361,88.3090065618176,20.6025082720725,9.71646272420708,151.979439511525,68.8477728299008,206626.293017937,155406.561538301,0,0,"USF","RRS","KNOX","00000612","2017/08/11 00:00:00.000","2017/11/28 00:00:00.000",1,"Miller Complex, cause from Incinet, Cont Date based on Fire out date",NA,492.599670410156,8,1,NA,10602.5539209121,1993480.13598806,"Slater Butte                ","Happy Camp Micro            ","Crazy Peak                  ",73.7741935483871,74.25,54.8785046728972,0.41,0.41,36.4516129032258,35.25,56.8598130841121,627.451612903226,532.125,8.13644859813084,225.056702903254,9417600,169.479628020997,137.439742916138,259.124292426943
"51",50,20704,523.44823601139,137.244416614763,26.8263779650479,10.6397398543316,194.178873514812,101.338771437007,13074.0045350693,50683.6176604028,0,0,"CCO","LDF","LA TUNA","00000965","2017/09/01 00:00:00.000","2017/09/08 00:00:00.000",14,"5 residential structures, 5 outbuildings lost",7194,7051.35107421875,8,1,NA,32510.9060506936,28535804.9296204,"Little Tujunga              ","San Rafael Hills            ","Beverly Hills               ",75.0769230769231,85.1666666666667,79,0,0,58.0769230769231,41.3333333333333,54,NA,NA,4.5,410.81303740681,604800,364.956658740558,365.261734846925,259.124292426943
"52",51,20708,1214.23923300014,280.873455342335,26.666046669064,8.43481343339885,177.902513807461,102.903341846375,220116.863139052,151904.335113255,384.487568203323,1786.70913742219,"USF","RRS","ABNEY","00000568","2017/08/10 00:00:00.000","2018/01/10 00:00:00.000",1,"Miller Complex, cause from Incinet, Cont Date based on Fire out date",NA,32893.26171875,8,1,NA,129429.671811463,133114307.076367,"Slater Butte                ","Collins Baldy               ","Oak Knoll                   ",73.7096774193548,75.625,50.8231292517007,0.41,0.41,36.5161290322581,33,58.9115646258503,632.225806451613,533.125,9.12040816326531,282.834277582266,13219200,178.596439378176,137.003076120967,259.124292426943
"53",52,20560,1107.07426779155,327.656602298413,28.5757869333337,9.41284393489396,177.927283232499,100.09667802927,223573.85292657,178095.159784774,197.899832062358,1348.16049983135,"USF","KNF","OAK","00006016","2017/08/11 00:00:00.000","2017/10/10 00:00:00.000",1,"CONT_DATE est frm Inciweb/IRWIN - Eclipse Comp SRF Young & clear merge",45403,91125.328125,3,1,NA,350799.466475848,368771127.039987,"Ship Mtn.                   ","Dutch-Indy                  ","Happy Camp Micro            ",76,73.1428571428571,60.5901639344262,0,0,35.2142857142857,36.5714285714286,45.5245901639344,655.285714285714,613,9.44426229508197,284.078274121637,5184000,317.755041193715,299.117433432,259.124292426943
"54",53,20290,96.2386926185113,39.5588795313339,8.26829782371104,7.45956900211409,203.784316694816,103.93368665818,4405.05907036002,17143.9353978859,0,0,"CDF","MVU","LILAC","00024612","2017/12/07 00:00:00.000","2017/12/24 00:00:00.000",14,NA,4100,4080.61474609375,1,1,NA,37220.3365352043,16513661.833822,"Pala                        ","Ammo Dump                   ","Target Range                ",62.5806451612903,61.5,58.6666666666667,0,0,53.4516129032258,42.5,27.3333333333333,268.838709677419,266,6.71111111111111,160.884135682788,1468800,230.537397851345,232.965701521898,259.124292426943
"55",54,20471,320.907030032414,37.8419640467671,9.62961741857574,6.27579137084373,153.577043660793,96.130851005968,174.45212466916,1664.36546666182,0,0,"CDF","FKU","JAYNE","00005281","2017/04/20 00:00:00.000","2017/04/21 00:00:00.000",2,NA,NA,4533.28369140625,1,1,NA,22228.0499128645,18345548.8913897,"Kettleman Hills             ","Parkfield                   ","Santa Rita                  ",60.4193548387097,60.375,64,0.85,0.44,53,55.125,42,478.064516129032,504.375,14.2,538.731392973984,86400,434.292339380268,356.211423786047,259.124292426943
"56",55,20603,1383.62455369371,4.90119816254371,0.606394520990523,0.663473682154093,180.414608909663,130.273269458353,215.443037169739,2309.99775400161,0,0,"USF","MDF","LAKE","00000794","2017/07/27 00:00:00.000","2017/08/31 00:00:00.000",1,"<Null>",4489.25,4490.60693359375,3,1,NA,30241.4668015115,18172842.0105569,"Blue Mountain               ","Doublehead                  ","Timber Mountain             ",71.2903225806452,70.875,71.8,0.86,0.86,32.0645161290323,36.375,32.8857142857143,736.774193548387,657.75,5.35428571428571,236.243699736561,3024000,259.202437526827,208.9511111124,259.124292426943
"57",56,20705,1885.0269302648,114.432314532827,14.3263227794343,8.39038249285193,191.694950413465,102.77704968626,68063.5440432865,63167.2942468879,2231.02089043781,5178.64970815887,"USF","MDF","PARKER2","00000862","2017/08/03 00:00:00.000","2017/08/15 00:00:00.000",1,NA,7692,7693.3193359375,3,1,NA,115506.710664617,31133758.5664085,"Modoc NWR                   ","Bear Flat                   ","Surprise Valley             ",69.9333333333333,73.25,65.6923076923077,0.42,0,34.5333333333333,33,49.6153846153846,709.9,672.5,4.40769230769231,291.289923844235,1036800,180.606156305448,196.142053760992,259.124292426943
"58",57,20706,2037.91090326703,306.548644776773,19.1039357481968,9.5237040652844,205.670737119002,63.5211441843623,179863.552772388,124823.086017928,31417.7695015124,46538.4965066613,"NPS","YNP","SOUTH FORK","00000108","2017/08/13 00:00:00.000","2017/11/03 00:00:00.000",1,"no new growth past 10/11",7000,7560.07666015625,8,1,NA,86990.1985407137,30594544.0640098,"Mariposa Grove              ","Wawona                      ","Miami                       ",70.8064516129032,68.75,58.6707317073171,0,0,50.0322580645161,51.75,60.0609756097561,456.193548387097,486.375,1.1109756097561,128.973180467448,7084800,150.520487026938,106.479036220465,259.124292426943
"59",58,20551,1165.93447373675,288.198070603417,26.3785641228144,9.18913029475971,225.732211547482,75.1301393487809,259658.450576232,176104.096524487,361.126530338227,1563.31642816642,"USF","KNF","CEDAR","00005915","2017/08/08 00:00:00.000","2017/10/10 00:00:00.000",1,"CONT_DATE est from Inciweb/IRWIN - Eclipse Complex four mile merged",6939,9129.376953125,3,1,NA,80966.5744050779,36945277.5562283,"Slater Butte                ","Happy Camp Micro            ","Crazy Peak                  ",73.5483870967742,78.5,63.03125,0,0,36.5806451612903,28.375,44.65625,643.935483870968,555.625,7.5859375,272.99264152047,5443200,142.115908757982,137.888678410306,259.124292426943
"60",59,20336,477.390911896617,173.019046679987,21.9972756664587,9.35454590170802,188.293453317354,98.9009782016751,98634.2807425451,84267.8298413723,0.33144754337928,36.7660830928316,"CDF","LNU","POCKET","00010104","2017/10/08 00:00:00.000","2017/11/01 00:00:00.000",14,"Central Complex",17359,17359.328125,3,1,NA,112165.207986426,70250709.1293348,"Hawkeye                     ","Konocti                     ","Lake County                 ",67.6129032258064,67.375,65.84,0.23,0,41.258064516129,23.625,38.48,464.41935483871,458.375,5.908,148.206855093143,2073600,207.344799980782,210.739790817658,259.124292426943
"61",60,20416,1660.97111728918,124.338735148865,10.511029444894,7.85000817758732,158.22525479225,100.747069670462,1653.52162365639,5421.80387390589,0,0,"BLM","NOD","R-4 PARSNIP","00005180","2017/08/30 00:00:00.000","2017/09/15 00:00:00.000",1,NA,0,18601.98046875,7,1,NA,71641.7925045821,75279542.6962161,"Bull Flat                   ","Ravendale                   ","Horse Lake                  ",74.7241379310345,74.2857142857143,71.125,0.24,0,32.1724137931034,26.1428571428571,35.625,578.137931034483,587.428571428571,5.2375,156.734056420348,1382400,212.241852946995,229.721916138,259.124292426943
"62",61,20540,1658.26510534953,211.123220542851,21.9440873808036,9.45349512128065,174.742822974139,124.537769353776,189592.655129635,119153.281765719,192.039278296239,795.815795781096,"USF","PNF","MINERVA 5","00001043","2017/07/29 00:00:00.000","2017/08/16 00:00:00.000",7,NA,4310,4339.35498046875,6,1,NA,24545.7241597639,17560746.1423279,"Quincy Rd                   ","Cashman                     ","Saddleback                  ",72.8064516129032,74.25,73.1578947368421,0,0,45.1612903225806,45.375,51.6315789473684,609.193548387097,576.875,1.05263157894737,302.737592021291,1555200,206.694255226384,238.78146075248,259.124292426943
"63",62,20338,490.073988622079,61.7535416876816,16.4516823133412,9.41750945131349,189.498308464558,106.118208040098,19656.3371755907,29941.7722408515,65.0915394776386,494.434188450642,"CDF","LNU","SULPHER","00010055","2017/10/09 00:00:00.000","2017/10/25 00:00:00.000",14,"Mendocino Lake Complex",2206,2206.23022460938,3,1,NA,26639.5415787881,8928297.43384697,"Konocti                     ","County Line                 ","Lake County                 ",67.5161290322581,64.625,63.3529411764706,0,0,36.5806451612903,25.25,35.5882352941176,457.387096774194,436.25,5.45882352941176,331.190965507597,1382400,221.916634549297,229.711232211341,259.124292426943
"64",63,20627,436.526075409468,93.3787674986629,12.36855953113,6.79440968160994,200.115705187543,90.258247068966,67401.9427831775,43414.7060784201,2.73699228525821,44.5731949708292,"CDF","BTU","WALL","00010975","2017/07/07 00:00:00.000","2017/08/03 00:00:00.000",2,NA,6033,6028.48974609375,1,1,NA,38526.4314016006,24396433.0493328,"Bangor                      ","White Horse                 ","Challenge                   ",77.741935483871,81,83.3571428571429,1.18,0,49.5161290322581,43.875,35.1071428571429,640.483870967742,678,2.36071428571429,370.335488028458,2332800,273.140628516065,304.57707523401,259.124292426943
"65",64,20485,1424.67745052424,299.740601747966,29.4393340538572,8.14280560489053,228.430574177498,99.3900822086668,180107.246420803,151574.048318557,390.350231938178,3618.69452219947,"USF","SHF","FORK","00001555","2017/08/07 00:00:00.000","2017/11/15 00:00:00.000",1,"CONT_DATE based on FIRESTAT Fire Out Date/Time",3532,3372.92016601562,8,1,NA,34284.0578331675,13649723.6692343,"Blue Ridge                  ","Backbone                    ","Five Cent                   ",76.9032258064516,81,64.6904761904762,0.05,0.05,31.8709677419355,30.25,40.3214285714286,701.225806451613,608.875,4.38690476190476,222.576913854075,8640000,145.536024277379,157.972429472166,259.124292426943
"66",65,20561,1591.88946776877,287.589028344527,28.0255908234783,9.04750342272784,187.673905904173,97.0587219949273,165453.742288048,150870.501386045,942.839261271182,3655.01265907742,"USF","KNF","WALLOW","00006029","2017/08/11 00:00:00.000","2017/11/13 00:00:00.000",1,"CONT_DATE est from other Salmon-August fires",5272,63785.0703125,3,1,NA,226578.517105863,258129027.308452,"Sawyers Bar                 ","Blue Ridge (KNF)            ","Quartz Hill                 ",77.2962962962963,76.625,60.7294117647059,0.68,0.01,41.1111111111111,41.5,54.9058823529412,590.222222222222,488.875,4.15882352941177,-88.1136903984841,8121600,217.584786652563,237.091133333481,259.124292426943
"67",66,20707,508.580355165802,170.637885819423,18.3449142355268,9.2932618361555,170.285085208444,95.3894496532168,90749.5007457131,86165.1476689302,7.69159134620958,144.76170884361,"CDF","LNU","REDWOOD VALLEY","00012172","2017/10/08 00:00:00.000","2017/10/25 00:00:00.000",14,"Mendocino Lake Complex",NA,36522.9453125,8,1,NA,106796.917974725,147803110.019251,"Cow Mountain                ","Soda Creek                  ","Lyons Valley                ",60.3225806451613,54.375,52.5,0.09,0,55.5161290322581,48.75,59.2777777777778,381.935483870968,355.375,0.844444444444444,371.399533765168,1468800,231.220019569052,263.035555668575,259.124292426943
"68",67,20453,1959.72413248243,249.785004141431,19.6684896980556,10.8124348739183,134.451630907023,83.0161432680998,12133.84339301,22052.139981848,13.0005780294373,143.5938169596,"BLM","CND","SLINKARD","00001478","2017/08/29 00:00:00.000","2017/09/21 00:00:00.000",1,"<Null>",0,8923.4951171875,7,1,NA,34372.9967740318,36112103.574943,"Walker                      ","Markleeville                ","Canon BAER                  ",75.0689655172414,76.2857142857143,67.695652173913,0.94,0.28,34.0689655172414,32.2857142857143,37.3478260869565,531.413793103448,516.714285714286,5.5,246.883019085483,1987200,293.094303162236,284.48860426986,259.124292426943
"69",68,20508,589.425324242232,212.923484584197,28.2000008682709,9.63240106910586,198.123029034831,119.095061443578,193970.034583096,147631.002123284,0.754249511174936,47.1886524299498,"USF","SRF","UKONOM","00000728","2017/07/25 00:00:00.000","2017/10/15 00:00:00.000",1,NA,4238,4240.97412109375,8,1,NA,33207.6475355634,17162613.8192499,"Dutch-Indy                  ","Somes Bar                   ","Happy Camp Micro            ",75.0689655172414,74.125,67.6746987951807,0.01,0.01,44.3103448275862,48.375,49.421686746988,707.655172413793,659.125,4.63855421686747,156.543412152902,7084800,270.595479310021,279.527547061445,259.124292426943
"70",69,20602,1492.79298818952,58.9695140685455,2.17181260402401,2.63051646859383,208.05077557195,101.687439013465,10402.2050558581,21296.2026947371,109.218392717673,760.865540389669,"USF","MDF","STEELE","00000776","2017/07/26 00:00:00.000","2017/08/13 00:00:00.000",1,"<Null>",45690.4,45704.01171875,3,1,NA,156915.517546867,184957568.979229,"Blue Mountain               ","Doublehead                  ","Timber Mountain             ",71.258064516129,70.5,72.5555555555556,0.86,0.86,31.8064516129032,35.75,35.5,740.483870967742,669.75,5.14444444444444,146.724852704483,1555200,269.599941638216,219.415079832277,259.124292426943
"71",70,20470,736.130189047632,214.343565761924,22.5296693660484,10.3199772702875,167.792761483436,111.653722682207,17287.3410886183,24773.2783816133,44.782086491459,1176.53108509439,"CDF","FKU","GARZA","00009755","2017/07/09 00:00:00.000","2017/07/25 00:00:00.000",10,"blank",NA,48886.6640625,2,1,NA,93478.1844372729,197837317.738042,"Parkfield                   ","Kettleman Hills             ","Bradley                     ",76.3448275862069,81.25,79.2352941176471,0,0,40,32.375,33.2941176470588,714,696.875,2.08823529411765,349.591944928248,1382400,370.663328137368,385.753016870496,259.124292426943
"72",71,20546,675.553438312406,229.616372904359,25.6870249326217,10.795892766268,175.591586807817,107.596338398045,59138.0127438071,66148.8046501405,61.1507909950941,632.442346119261,"USF","LPF","WHITTIER","00001770","2017/07/08 00:00:00.000","2017/12/21 00:00:00.000",9,"CONT_DATE based on Inciweb",18431,18412.404296875,1,1,NA,62652.1084550595,74512355.4553162,"Glen Annie                  ","Refugio                     ","San Marcos                  ",71.6451612903226,75.25,69.7212121212121,0,0,53.6129032258064,48.75,48.0969696969697,700.290322580645,652.75,8.87757575757576,485.175259695087,14342400,232.728360974115,224.390606733963,259.124292426943
"73",72,20503,1131.81249700934,347.054685788838,24.2600274274813,10.7330374968106,180.64119518126,87.4755210679486,292537.772092673,194989.341020383,764.286480353218,4511.72416494208,"USF","SRF","HAYPRESS","00000914","2017/08/10 00:00:00.000","2017/10/16 00:00:00.000",1,NA,21301,21317.931640625,8,1,NA,89992.6964657937,86270605.4763752,"Somes Bar                   ","Dutch-Indy                  ","Slate Creek                 ",78.2903225806452,79.375,65.955223880597,0.09,0,50.741935483871,50.25,60.4626865671642,616.58064516129,532.375,1.9,203.93825541632,5788800,210.641227770509,236.206069345218,259.124292426943
"74",73,20337,348.733211384805,148.119014674271,16.5815588231865,9.40200080527804,176.427457000072,99.3555608239426,55513.1025449269,63122.083257924,0.275006387195396,18.6537174890637,"CDF","LNU","ATLAS","00010105","2017/10/08 00:00:00.000","2017/11/01 00:00:00.000",14,"Southern Complex",51624,51624.65625,3,1,NA,170678.892753962,208917567.982335,"Atlas Peak                  ","Novato Fire-Robinhood       ","Brooks                      ",67.9354838709677,67.5,65.56,0.01,0,41.3870967741936,23.125,38.72,484.483870967742,485.875,7.564,287.383430650057,2073600,253.235010928058,245.608468213985,259.124292426943
"75",74,20384,326.411965745767,60.421787917419,14.9971663764419,7.88212164300496,186.820620502872,113.435831586455,2647.38291304479,7324.68953283173,0,0,"CCO","KRN","HAWK","01726219","2017/07/07 00:00:00.000","2017/07/07 00:00:00.000",14,NA,NA,2940.49560546875,1,1,NA,21936.7762195316,11899763.8093327,"Fountain Springs            ","Woody                       ","UHL / Hot Springs           ",80.9032258064516,84.125,88,0.02,0,39.8064516129032,36,34,669.8,675.125,3.9,406.485758001013,43200,382.188350178307,391.452689612196,259.124292426943
"76",75,20122,232.518926744791,41.2766603631665,9.15441051598651,6.82461708145739,182.806948239835,95.3086146495179,340.217598826983,2882.88701349404,0,0,"CDF","TUU","ROADRUNNER","00000441","2017/07/30 00:00:00.000","2017/08/01 00:00:00.000",7,NA,2289,2284.59594726562,1,1,NA,20321.1821377645,9245431.97599758,"Fountain Springs            ","Milo                        ","Oak Opening                 ",85.0322580645161,85.625,87,0,0,33.6129032258064,32.5,33,647.741935483871,629,4.16666666666667,393.679774817941,172800,379.746741420793,390.815816746854,259.124292426943
"77",76,20671,2217.26527151315,92.1557167739929,11.6540008056422,7.33564230050709,192.533492090009,107.572425534316,154252.647911615,140555.602765509,19742.8455041494,44670.1678917412,"NPS","YNP","EMPIRE","00000084","2017/07/31 00:00:00.000","2017/11/27 00:00:00.000",1,NA,0,8577.5517578125,7,1,"84",123477.945978882,34712121.5154468,"Wawona                      ","Mariposa Grove              ","El Portal                   ",71.6451612903226,72,57.7118644067797,0,0,47.7096774193548,47.25,61.8898305084746,502,492,1.14830508474576,7.8647678082754,10281600,51.2675635727862,46.3223384668395,259.124292426943
"78",77,20462,724.469686456668,96.4785074462734,13.3230935110239,9.73746042618585,197.515359581035,98.2889096021756,2855.99024690498,19349.842055574,0,0,"CDF","RRU","MANZANITA","00078840","2017/06/26 00:00:00.000","2017/06/30 00:00:00.000",10,NA,6309,6303.65869140625,3,1,NA,27749.7754191993,25510001.6679185,"Highland Springs            ","Beaumont                    ","Poppet Flats                ",75.4193548387097,86.625,79.2,4.01,0.04,47.8709677419355,30.25,33.4,653.387096774194,687.875,8.26,305.886237911057,345600,273.749884861797,285.192289350221,259.124292426943
"79",78,20663,271.169094396865,93.822605189888,9.38459479138647,6.50366234900744,201.35364746974,95.6199736069815,67422.171214795,41171.5514944761,27.0624325305666,553.847234738158,"CDF","NEU","CASCADE","00026269","2017/10/08 00:00:00.000","2017/10/26 00:00:00.000",14,"NEU Wind Complex, merged w/ LaPorte",9989,16140.798828125,7,1,NA,98017.32941065,65319495.6408548,"Bangor                      ","Challenge                   ","Pike County Lookout         ",70.7741935483871,66.625,64.4210526315789,0,0,38.8387096774194,29.625,39.2105263157895,449.774193548387,444.25,1.95263157894737,107.022339650504,1555200,192.761723115028,222.489818162557,259.124292426943
"80",79,20621,2381.85335189477,204.349481105856,23.6495491912372,8.85917251349616,193.405712785565,78.9434017325613,63799.9709017646,66772.3958017233,504.999775658819,3212.40523497577,"USF","INF","INDIAN","00001264","2017/08/03 00:00:00.000","2017/08/31 00:00:00.000",1,"Lightning fire allowed to burn to natural barrier*",2295,2294.24682617188,8,1,NA,21102.4664671729,9284487.6169429,"Blackrock                   ","Rattlesnake                 ","Peppermint                  ",64.5483870967742,64.875,60.7692307692308,0.32,0.02,44.4516129032258,42.5,49.9259259259259,565.096774193548,585.75,2.80384615384615,415.289761875172,2419200,122.627095736342,153.222907874192,259.124292426943
"81",80,20331,324.675054614681,167.514153940278,17.4891994094845,9.7809384762578,178.32474276257,96.7701473409883,98216.3724555508,92732.2678616307,10.0537108861903,271.174031227646,"CDF","LNU","NUNS","00010049","2017/10/08 00:00:00.000","2017/10/31 00:00:00.000",14,"Nuns,Partrick, Adobe, Norrbom and Pressley>Nuns",55797,55798.19140625,3,1,NA,239290.593084178,225807272.925862,"Atlas Peak                  ","Santa Rosa                  ","Novato Fire-Robinhood       ",67.9354838709677,67.5,66,0.01,0,41.3870967741936,23.125,37.5,484.483870967742,485.875,7.37916666666667,203.975496221669,1987200,245.862947291824,238.36722153064,259.124292426943
"82",81,20302,634.918564285595,177.644212000698,17.5883095790144,9.63268043140811,175.738181232397,98.3094015077146,41153.9454481341,41602.7813609218,320.436650046683,3948.24937030222,"CDF","MMU","DETWILER","00014474","2017/07/16 00:00:00.000","2017/08/31 00:00:00.000",9,NA,NA,81826.2734375,1,1,NA,192644.796648937,331139186.440812,"Merced River                ","Catheys Valley              ","Mariposa                    ",86,86.875,84.3617021276596,0,0,32.6774193548387,25.875,32.8297872340426,710.064516129032,690.625,6.62978723404255,443.121020988334,3974400,373.656138147961,369.674753008517,259.124292426943
"83",82,20626,673.159420130938,150.419411404809,17.6550707775282,9.06342514755973,208.949921267976,88.3185253368095,177875.487583599,105319.448510516,1925.87536788635,3962.11119920206,"CDF","BTU","PONDEROSA","00013737","2017/08/29 00:00:00.000","2017/10/28 00:00:00.000",7,"USFS INC #00001390",4016,4015.732421875,1,1,NA,24855.9774103981,16251092.2740969,"Challenge                   ","Pike County Lookout         ","Bangor                      ",77.4516129032258,80.375,65.7868852459016,0,0,40.8064516129032,29.625,38.1967213114754,608.838709677419,582.875,8.67049180327869,455.841757416383,5184000,192.841956121232,179.900734608387,259.124292426943
"84",83,20433,1414.9335158202,52.3025361628751,4.97488591369778,3.98104315615277,186.834997283219,120.790741049153,49.3136223920676,451.113764130915,0,0,"BLM","NOD","MUD","00005152","2017/08/29 00:00:00.000","2017/09/11 00:00:00.000",1,NA,0,6036.06494140625,7,1,NA,23347.7645411307,24427087.9857235,"Bull Flat                   ","Horse Lake                  ","Hidden Valley               ",74.9310344827586,73.8571428571429,73.8461538461538,0.24,0.04,32.0689655172414,29.4285714285714,29.3846153846154,581.137931034483,560.857142857143,5.1,116.090962729191,1123200,194.693845035071,212.564772022942,259.124292426943
"85",84,20422,1614.55491198504,264.295079585646,12.5208880821604,10.1490136040415,180.141842484891,108.076290108089,2526.65924434916,8211.38903139135,0,0,"BLM","NOD","LONG VALLEY","00030366","2017/07/11 00:00:00.000","2017/07/27 00:00:00.000",10,NA,0,83581.4140625,7,1,NA,194498.917618172,338241972.477469,"Doyle                       ","Milford Micro               ","Laufman                     ",74.3870967741936,78.5,75.8823529411765,0.72,0,34.1612903225806,26.5,29.7058823529412,721.451612903226,739.75,5.91176470588235,188.700732459833,1382400,266.123097074598,277.403887561495,259.124292426943
"86",85,20511,2113.35841555559,330.829722542897,21.3323444291079,8.93980394625328,165.343149462449,119.012387826464,71496.5132395609,91120.7313835688,3105.86772419895,13747.0285636478,"USF","SQF","SCHAEFFER","00001317","2017/06/24 00:00:00.000","2017/11/15 00:00:00.000",1,"CONT_DATE  based on FIRESTAT Fire Out Date/Time",16031,15833.2119140625,6,1,NA,89993.1688010261,64074737.0183577,"Blackrock                   ","Peppermint                  ","Johnsondale                 ",57.4333333333333,68.125,54.8857142857143,0.22,0.09,44.2,38.125,43.645390070922,708.833333333333,705.125,3.23642857142857,226.40903982883,12441600,61.0860888469452,72.6176780167143,259.124292426943
"87",86,20625,264.679639581083,113.44243600317,7.68199722074,8.29680066848101,230.199421095832,72.5239674474578,27273.2032746577,31232.5628959359,0.02607871552997,3.01758635709496,"CDF","BTU","CHEROKEE","00015933","2017/10/08 00:00:00.000","2017/11/05 00:00:00.000",11,NA,8417,8415.802734375,1,1,NA,43129.9044163307,34057546.6880179,"Openshaw                    ","White Horse                 ","Jarbo Gap                   ",71.5806451612903,67.375,62.9310344827586,0,0,38.1935483870968,28.875,48.9310344827586,435.451612903226,426.125,5.90689655172414,93.7951701001693,2419200,177.294800708519,190.15845659991,259.124292426943
"88",87,20335,266.497305778818,162.270507477125,16.0915962943674,9.45316380308885,180.107233287907,99.4475588638642,95102.5882341804,97527.4210189986,24.342067901849,472.829233501005,"CDF","LNU","TUBBS","00010104","2017/10/08 00:00:00.000","2017/11/01 00:00:00.000",14,"Central Complex",36701,36701.984375,3,1,NA,131011.056664741,148527659.71748,"Santa Rosa                  ","Hawkeye                     ","Atlas Peak                  ",67.0967741935484,66.875,62.72,0.06,0,51.8387096774194,33.125,55.52,394.193548387097,418.25,3.984,219.511732938898,2073600,219.403123586695,232.318399592985,259.124292426943
"89",88,20476,378.801700978419,63.3847232156439,17.8477064167475,10.2246049223874,170.139205759059,100.708245152402,3727.79109315532,10209.4705173803,0,0,"CDF","FKU","ELM","00006727","2017/05/18 00:00:00.000","2017/05/23 00:00:00.000",2,NA,NA,11146.7548828125,1,1,NA,37260.5436793736,45109314.8664168,"Parkfield                   ","Kettleman Hills             ","Santa Rita                  ",60.258064516129,57.25,71.1666666666667,0.53,0,60.1290322580645,58.375,40.1666666666667,612.709677419355,629.75,2.28333333333333,293.311110062525,432000,319.688106194335,343.459961166277,259.124292426943
"90",89,20512,1349.28762172997,397.896148321528,26.2955145957456,9.40182494269942,207.234654539849,100.460969539374,155288.250218093,157569.209007251,22539.6066106744,52354.5262923283,"USF","SQF","PIER","00002385","2017/08/29 00:00:00.000","2017/08/30 00:00:00.000",7,NA,36556,36619.42578125,6,1,NA,90929.9352083006,148193558.448488,"Oak Opening                 ","Peppermint                  ","Milo                        ",79.8064516129032,83.25,88,0.04,0,38.5483870967742,31.875,29.5,579.193548387097,589.5,2.9,296.061926884028,86400,336.213775234678,288.593205048019,259.124292426943
"91",90,20230,615.344666235682,52.9397254295982,16.3317974432548,11.395719136473,194.134756846352,101.471536574027,12906.2454007726,35851.6043153742,0,0,"CDF","RRU","PALMER","00108660","2017/09/02 00:00:00.000","2017/09/06 00:00:00.000",9,NA,3874,3872.15185546875,2,1,NA,24077.4832916269,15670042.3518276,"Mill Creek (BDF)            ","Beaumont                    ","Highland Springs            ",78.7333333333333,89.125,78.6,0.06,0.04,43.6333333333333,24.75,55.2,572.866666666667,472.25,4.26,367.881304275943,345600,296.489503152636,300.256979971291,259.124292426943
"92",91,20524,1635.70188561236,248.471072502938,18.1291628344899,7.77162697510672,198.471993549431,88.7279654873277,185457.412914896,117398.037662342,19061.5606689737,29294.721851753,"USF","SNF","RAILROAD","00001743","2017/08/29 00:00:00.000","2017/11/18 00:00:00.000",9,"CONT_DATE  based on FIRESTAT Fire Out Date/Time",12377,12371.1484375,3,1,NA,86419.9302927365,50064262.6224063,"Mariposa Grove              ","Wawona                      ","Miami                       ",69.9032258064516,72.125,54.0617283950617,0,0,55.4838709677419,48.375,63.4197530864198,398.806451612903,435.5,1.16666666666667,335.704634799294,6998400,126.026226653404,112.266773901827,259.124292426943
"93",92,20153,425.57019041852,154.396965965363,23.4317984391986,11.1822929212347,185.177712800347,103.802273830389,35788.3729729313,54562.4016060274,68.066133769354,948.653608863997,"CDF","SLU","ALAMO","00007624","2017/07/06 00:00:00.000","2017/07/20 00:00:00.000",10,NA,26678,28834.171875,2,1,NA,96077.788174743,116687755.112723,"Tepusquet                   ","Arroyo Grande               ","Branch Mountain             ",74.5483870967742,77.75,81.8666666666667,0,0,38.6451612903226,31.5,29.1333333333333,737.129032258065,743,9.30666666666667,436.146654945714,1209600,387.982213465686,364.359030746708,259.124292426943
"94",93,20514,2271.88061105994,266.772369963605,17.3307472940513,9.99280277483368,206.140109486165,74.879355635682,99131.0660906866,121042.630815013,3509.72433562334,10891.3957370322,"USF","SQF","LION","00002753","2017/09/25 00:00:00.000","2017/11/02 00:00:00.000",1,NA,19215,18913.576171875,6,1,NA,61618.5937492397,76540530.9097697,"Rattlesnake                 ","Oak Opening                 ","Peppermint                  ",55.0967741935484,43.5,46,0.43,0.03,47.8064516129032,53.625,43.3333333333333,NA,NA,4.3,105.916367258484,3283200,49.9509940111893,74.4459938662766,259.124292426943
"95",94,20509,915.709813316398,178.926552630895,22.341999415683,10.4397778617519,208.921691607124,85.0707770278104,128088.152281389,146084.439378992,1.9946536846354,68.0157091895135,"USF","SRF","WILLIE","00000877","2017/08/07 00:00:00.000","2017/08/22 00:00:00.000",1,"Ruth Complex",3137,3140.099609375,8,1,NA,24936.3938016633,12707531.7943268,"Ruth                        ","Alder Point                 ","Yolla Bolla                 ",72.1612903225806,76,70.75,0.07,0.07,49.4838709677419,41.375,56.9375,640.645161290323,573.125,1.23125,219.917525470217,1296000,231.163623154084,253.25074536103,259.124292426943
"96",95,20549,718.581701490152,438.877364035692,24.9031003417986,11.3006562169903,179.645356411467,95.5442803584171,26526.5368361116,54411.8578155046,27.6462520960782,831.290259397586,"USF","VNC","THOMAS","00003583","2017/12/04 00:00:00.000","2018/01/12 00:00:00.000",9,"CONT_DATE based on Inciweb",281893,281790.875,7,1,NA,445282.444798372,1140367253.62655,"Ojai                        ","Casitas                     ","Rose Valley                 ",59.1935483870968,55.625,56.4871794871795,0.05,0,59.3870967741936,49.5,46.1282051282051,295.225806451613,291.875,2.38461538461538,458.068499269405,3369600,418.151337104736,429.699451698902,259.124292426943
"97",96,20322,217.047270247018,107.076990622265,19.0275777939543,8.85486927439682,148.404080238008,89.4100214986006,32841.0353619146,29613.4201727315,15.3492497494044,137.009056719292,"CDF","LNU","WINTER","00006262","2017/07/06 00:00:00.000","2017/07/12 00:00:00.000",14,NA,1700,2366.23486328125,2,1,NA,15947.4572594357,9575813.15741753,"Atlas Peak                  ","Brooks                      ","Knoxville Creek             ",71.4193548387097,73.875,80.7142857142857,0.11,0,51.1935483870968,42.875,32,694.933333333333,738.875,10.0571428571429,300.494949777254,518400,408.766262197275,381.609661100079,259.124292426943
"98",97,20379,580.433826959735,173.397440295399,20.0458008812141,12.1415559393665,194.723228722742,93.5384013420424,5444.63516343768,33039.3240961304,0,0,"CCO","LAC","CREEK","00362189","2017/12/05 00:00:00.000","2017/12/05 00:00:00.000",14,NA,15619,15619.146484375,7,1,NA,59428.0975494979,63208443.1764137,"Little Tujunga              ","Camp 9                      ","Newhall Pass                ",62.3,58.6666666666667,58,0.06,0,45.45,32.1666666666667,9,NA,NA,14.7,299.311876136764,43200,280.897922498981,238.281166500561,259.124292426943
"99",98,20252,273.206485109106,92.640593815522,16.8233541760311,9.87868902754542,190.212789226395,106.253056970131,6598.75878307212,23013.8244004394,0,0,"CCO","ORC","CANYON II","17110494","2017/10/09 00:00:00.000","2017/10/17 00:00:00.000",5,NA,9217,9198.0283203125,7,1,NA,46873.465208488,37223098.1392032,"Fremont Canyon              ","Corona 2                    ","Tonner Canyon               ",69.5161290322581,70.875,73.7777777777778,0.02,0,55.9677419354839,44.25,33.8888888888889,397.193548387097,409.5,10.8666666666667,63.2279989905052,691200,342.3877459645,316.61083409169,259.124292426943
"100",99,20251,441.197200284269,200.546027311043,24.9147131182783,9.47727218737893,183.45429539252,131.057498118934,5635.11260991941,19733.9970660376,0,0,"CCO","ORC","CANYON I","17105068","2017/09/25 00:00:00.000","2017/10/01 00:00:00.000",9,NA,NA,2661.41528320312,7,1,NA,31433.1383676426,10770365.0597823,"Fremont Canyon              ","Corona 2                    ","Corona                      ",74.4193548387097,65.125,73.8571428571429,0.11,0.01,58.4193548387097,63.25,36.1428571428571,425.161290322581,390.375,8.5,477.244085994682,518400,427.066364181968,416.614170498952,259.124292426943
"101",100,20486,924.176338081026,343.543650053308,28.4929129478573,10.2310507808965,191.502082581455,98.7333491810334,141443.415863404,129989.616108586,317.137639078064,2069.82944456138,"USF","SHF","HELENA","00001770","2017/08/30 00:00:00.000","2017/11/14 00:00:00.000",9,"Unified Command with Cal-Fire/USFS",18316,18493.70703125,3,1,NA,87072.7947308671,74841376.6411158,"Weaverville                 ","Five Cent                   ","Blue Ridge                  ",79.4193548387097,79,59.1298701298701,0.01,0,35.6129032258064,30.375,54.2987012987013,576.290322580645,576,2.9,182.160868860709,6566400,228.666908154596,248.879642490425,259.124292426943
"102",101,20490,2085.69004427436,210.971842982631,21.302239717352,9.48335580544332,169.973060284575,47.0158759654947,143931.846524074,145615.062391779,2098.57105731348,7020.49304874483,"USF","STF","MCCORMICK","00002263","2017/08/18 00:00:00.000","2017/11/16 00:00:00.000",1,"CONT_DATE from FIRESTAT Fire info Summit complex",4426,4423.20849609375,1,1,NA,36279.2754335709,17900089.3898204,"Double Dome                 ","Pinecrest 2                 ","Cottage                     ",68.7,66,55.0112359550562,0,0,46.7333333333333,52,53.2359550561798,611.933333333333,612.75,3.42022471910112,265.995198253523,7776000,125.850178653022,151.210379616686,259.124292426943
"103",102,20600,1559.70063178041,144.657951738027,13.0854361176424,7.09367762739582,164.878769977593,95.5953663059827,49592.7776946771,57662.4281009407,950.683784665847,2348.60993021287,"USF","MDF","COVE","00000722","2017/07/25 00:00:00.000","2017/09/06 00:00:00.000",1,"<Null>",30886.5,30890.861328125,3,1,NA,64032.9475981333,125010878.426592,"Rush Creek                  ","Canby                       ","Ash Valley                  ",73,72,73.7272727272727,0.24,0.24,28,28.125,31.5,688.483870967742,636.875,5.12954545454545,355.263251118417,3715200,234.396137214164,227.47124716415,259.124292426943
"104",103,20380,359.258443323057,44.9007843366378,15.3425982339975,11.258326944858,191.908933196036,105.024047155192,4909.5649943449,16599.0938578759,0,0,"CCO","LAC","RYE","00362441","2017/12/05 00:00:00.000","2017/12/13 00:00:00.000",14,NA,6049,6047.71875,7,1,NA,35512.5520537683,24474248.6031536,"Del Valle                   ","Temescal                    ","Saugus                      ",62.6451612903226,59.5,64.6666666666667,0,0,42.7096774193548,30,7.11111111111111,277.258064516129,268.375,9.8,243.000307219824,691200,243.74701812067,227.771346384077,259.124292426943
